customer_id,fname,sname,ssn,address_id
185505383,Ava,White,549728806,813917053
162371172,Erin,Long,955394984,925891398
105078838,Kevin,Ramirez,432366182,769546870
33554342,Olivia,Alexander,970431103,918763597
47059435,Patrick,Richardson,445057274,621264954
385671291,Daniel,Alexander,899926495,793287203
53288385,Charlotte,Cooper,615248624,498590820
268234155,Brittany,Thomas,465141461,916993800
283209098,Evelyn,Harris,390973389,741508358
266869825,Aiden,King,84493174,646026625
191779985,Theodore,Lee,875932621,278796883
188762853,Sara,Rivera,920049000,347008447
61399084,Mateo,Hughes,214909780,663128867
82516191,Alexandra,Murphy,936067054,868248555
89344206,Anna,Butler,570522190,985136981
381516159,Timothy,Gray,249289524,125863569
201999407,Jasmine,Russell,421630129,523719016
253220837,Victoria,Price,902534351,846221480
201036464,Olivia,Henderson,147879700,644893209
364844006,Austin,Sanders,486786044,981737993
166393192,Patrick,Phillips,127672999,645044125
47579896,David,Flores,538213277,432426794
212084341,Steven,Wright,109422988,208825744
168728718,Lillian,Parker,886869752,682271199
354554270,Daniel,Rogers,694530219,614954588
329745918,Brianna,Mitchell,552879395,146016438
420242802,Courtney,Perez,7041162,913186330
302530614,Eric,Miller,279804209,450054602
356490247,Aaron,Edwards,572212067,839559978
328281194,Joshua,Thompson,54522579,513923848
292633147,Aubrey,Scott,696259206,367946147
89032461,David,Walker,584899777,317481172
173908548,Sarah,Bryant,247702837,209034431
61497154,Claire,Jackson,114420506,446561387
292021279,Christina,Cox,897399627,154253034
84176512,Benjamin,Mitchell,343911324,320000112
404864190,Jonathan,Harris,105708212,343272830
319818368,Oliver,Ward,553869308,207884107
385912516,Eric,Foster,680958313,210078934
130931185,Gabriel,Walker,573496996,848903608
55351750,Kayla,Parker,943023889,156518253
209822112,Victoria,Bennett,782134858,493549887
126589510,Timothy,Parker,456650940,195031302
111917764,Jose,Jones,175971269,480956691
147487013,Sara,Griffin,607038031,672481819
223913442,Emily,Bennett,541285417,269355957
246892591,Joshua,Clark,572441663,462684687
109286675,Abigail,Henderson,959735964,561337472
22462778,Steven,Coleman,596546332,195114074
242676234,Rebecca,Watson,345688329,790102904
331769294,Jennifer,Thomas,348644579,151458877
107145975,Jessica,Bell,978093217,440555850
236283084,Nicole,Bailey,132795599,640601978
13511434,Stephen,Roberts,928584608,927170651
352297269,Zachary,Gray,293022875,464113866
230727730,Jason,Lopez,906492466,800436489
243419733,Taylor,Hernandez,773861694,169310926
99634243,Dylan,Anderson,886854279,128640211
374004995,Julian,Campbell,111943041,293109855
83719718,Joshua,Bailey,88766793,481153847
73268494,James,Cook,497571914,587948265
297448720,Abigail,Torres,482351890,377119678
347120908,Amanda,Jones,784289287,767103993
198035029,Sean,Sanders,53463410,280253962
146213487,Jasmine,Allen,997716298,146695595
269281272,Sebastian,Wright,859282025,504182528
22321719,Erin,Lewis,210792347,763716583
227656546,Victoria,James,470096931,759172237
168679547,Eric,Jones,127296082,181542661
191464045,Erin,Brown,434281216,659452068
345638512,Brittany,Morgan,808113080,125944919
347111144,Aiden,Peterson,138248786,107293030
286467332,Kimberly,Bryant,93008514,593700231
22539385,Alexander,Wilson,857082898,624457713
353935270,Natalie,Baker,327780781,848360295
232308442,Samantha,Green,263043593,258032139
83146678,Maria,Lopez,48569328,721955880
1429321,Brian,Peterson,799031540,865619481
415349069,Stephanie,King,562903692,853623164
401801886,Stephanie,White,528961453,425675782
4448066,Emma,Morgan,994577251,874339428
170098949,Joshua,Kelly,128640913,291631403
10398862,Brandon,Lewis,11423893,721008498
250376367,Samuel,Lopez,763528064,413589381
170807634,Mark,Jenkins,939098915,614567980
187457113,Michelle,Jenkins,617290057,791907857
242432930,Kevin,Ward,87950704,975635232
358405349,Jason,Lopez,561199679,476348387
87869531,Jason,Barnes,483683417,234208769
12867779,Heather,Patterson,944000166,432536462
280929717,Sofia,Gonzales,669552250,850766769
141029216,Haley,James,16770851,177936777
55899001,Victoria,Rivera,410962102,781670880
354318471,Samuel,Adams,626482187,801228923
266816632,Emily,Sanders,449789331,109926078
10989525,Joseph,Wright,842471770,279562207
144014347,Alexander,Rodriguez,785640041,747211521
140104199,Alexander,Patterson,203434957,979658331
88697424,Kimberly,Barnes,40477421,334028001
53379671,Aiden,Jackson,194107520,393725887
64389112,Rachel,Flores,217565245,383109722
250966976,Isaac,Powell,797820656,245304053
285477577,Elizabeth,Walker,331455676,875521635
276143258,Eleanor,Brown,586804104,453282920
264562279,Abigail,Brooks,20032786,387575164
188221579,Taylor,Bennett,9498377,795523878
212837710,Tiffany,Jones,480889729,821981401
419075254,Nicholas,Jenkins,680685267,385232397
342258893,Grace,Brooks,746108504,873879094
203907164,Samuel,Allen,184762122,457608007
313052460,Sebastian,Brown,896479765,646843344
357960335,Anthony,Perry,364742974,871057643
89480461,Evelyn,Hall,415885302,781849852
290313653,Ashley,Brooks,618580921,631775980
240867556,Nicole,Hughes,137371110,779620511
41242223,Audrey,Parker,420051552,793857486
251076272,John,Evans,483683844,862573900
306913739,David,Ramirez,259356888,924788526
138219290,Megan,Jackson,394482798,979740549
136134851,Tiffany,Johnson,295365374,192575651
72913812,Natalie,Gray,533009923,674684413
188447028,Zachary,King,458082443,871957849
425735342,Sara,Mitchell,460153903,503355093
245057137,Laura,Perez,869139197,195713724
333549930,Aiden,Johnson,442367487,645624181
352344075,Dylan,Campbell,546750195,291478096
404965963,Danielle,Wright,133382460,261415600
323772369,Sara,James,30877271,947052244
935059,Stephen,Lewis,789756955,161686049
48955227,Andrew,Simmons,646573570,112752715
213427147,Jessica,Collins,63077991,384396847
74636810,Victoria,Adams,428775392,239007030
14428001,Ava,Allen,485782082,214624386
40266357,Aubrey,Jackson,758050126,900555895
297069687,Matthew,Campbell,469513874,136916657
178975819,Layla,Carter,197492242,492350619
79296148,Brianna,Ward,290951811,990198232
27022231,Evelyn,Bailey,61368471,364456328
103011052,Kevin,Hall,160904948,226494929
130253321,Emma,Green,253401962,962643631
100464115,Alexander,Torres,100397036,458088781
398375202,Amelia,Ross,295399283,196014893
65869640,Brittany,Morgan,589805985,133608885
410370028,Katherine,Cox,796567381,344397388
161477262,Tiffany,Washington,694250682,910381400
103543130,Elizabeth,Bryant,273178056,158537133
302630317,Amanda,Hill,161406607,595841556
343247697,Heather,James,383486192,515268731
96243255,Evelyn,Collins,68441716,538075585
312470521,Maria,Parker,704599132,122510656
222822113,Daniel,Stewart,474730194,247772317
403529617,Amber,Ward,164767606,483493108
326113697,Kevin,Martin,475066470,568661669
27294896,Isabella,Lewis,58718080,492205036
283210834,Jeremy,Young,241399006,157694731
82768630,Joseph,Alexander,888281205,633231523
374024105,Amelia,Evans,16739318,805205809
134928966,Justin,Cox,144881327,276918740
254834177,Megan,Phillips,160164815,325119718
390187976,John,Brooks,862862973,436740542
33263516,Emily,Rivera,957373696,385468238
279240935,Sean,Rogers,790372360,249134672
268569231,Andrew,Patterson,494439680,186135495
303222442,Jason,Allen,3438093,245618435
286476928,Tyler,Russell,731480926,155642214
348961810,Jonathan,Davis,901136913,730516796
12765466,Joshua,Morgan,534402795,603076445
44081100,Sara,Simmons,765866654,604236052
343398363,Aubrey,Harris,546007226,267025540
380685265,Patrick,Smith,355829678,385252149
227439491,Evelyn,Kelly,979245449,391585340
429351722,Jasmine,Cook,53004056,716193105
81706044,Nathan,Cooper,214523592,543323042
199938376,Ryan,Reed,623585363,233739547
256952050,Justin,Howard,52342596,504332070
85378899,Christina,Foster,107710999,187562954
352696189,Stephanie,Anderson,457322682,347903509
295216539,Sean,Rodriguez,78954235,370601273
327769219,Isaac,Rivera,921510552,488716554
230007244,Audrey,Ward,105036665,274114555
170216381,Jose,Hernandez,153926132,882947588
66326017,Jeremy,Morris,648592096,192272203
378633727,Samuel,Martin,138174140,703992715
407692033,Brianna,Richardson,445564714,282766257
338969862,Gabriel,Diaz,285017880,452083480
202705454,Anna,Murphy,661270997,888767797
167303805,Lillian,Mitchell,526735051,151464154
194861618,Ryan,Rivera,135464019,286446025
378374388,Anna,Howard,518627923,299152869
269603184,William,Long,679165364,672709669
179847186,Joshua,Cox,255957196,774446587
50174990,Joshua,Lewis,411591955,920972886
55287969,Steven,Wilson,948407565,569876150
324507200,Austin,Diaz,128341254,685618381
51910136,Timothy,Scott,949573250,120745194
353863595,Kimberly,Long,350476317,806031375
83020954,Melissa,Thompson,985573307,815484502
211118984,Emily,Scott,358257629,898123515
68456284,Brittany,Morgan,218584311,530257658
420130347,Sophia,Anderson,54926483,174554178
129279380,Alyssa,Wilson,983634455,187361785
77699107,Natalie,Martin,527651762,483105746
272965600,Olivia,Gray,179738234,549679257
272381611,Owen,Torres,994446567,275244265
31046598,Allison,Perry,453228829,941260188
254382502,Aaron,Foster,250318649,676077157
75157987,Kayla,Washington,66371286,479158921
203814573,William,Campbell,200772306,603841503
284652016,Kelsey,Jackson,639459508,888200622
80419768,Matthew,Rodriguez,250925450,360628820
375156633,Michelle,Murphy,172692577,837759116
352460109,Charlotte,Wilson,308346348,602968993
6945250,Joshua,Parker,405637450,799340158
305456580,Kimberly,Johnson,270202025,643529779
135942955,Melissa,Griffin,721316557,712777455
161995495,Danielle,Taylor,28412411,641384696
182159296,Zachary,Kelly,51940805,865292417
381370397,Alexis,Cooper,271778644,333014605
380026607,Charlotte,Ward,626011498,977857184
318511535,Melissa,Taylor,697918081,408353398
236286224,Haley,Griffin,265206170,178457749
90878017,Danielle,White,205036766,392414933
410284886,Christina,Powell,162430301,201321411
101584186,Steven,Lee,511869074,735978149
317003261,Alyssa,Gonzales,838180148,191480168
281952372,Aiden,Jenkins,926170945,901373896
341599104,Danielle,Diaz,21327757,371511320
22149517,Alyssa,James,89360833,654581520
338910117,Katherine,Turner,592036477,195409213
405767429,Katherine,Carter,213560449,174612053
404067827,Chelsea,Walker,471100931,456903147
142843415,Samuel,Taylor,549120692,923781454
249589888,Danielle,Walker,806847034,850696824
138330073,Gabriel,Bell,25251796,391887757
378351350,Mateo,Simmons,146312273,331571935
314412278,Ethan,Hill,145174740,319737343
383248178,Emma,Morris,139782602,176422540
228460059,Maria,Bennett,613493554,168177809
346543077,Gabriel,Torres,575979762,202007110
406348151,Mary,Green,887990112,906905364
327902986,Oliver,Bailey,257551468,803552790
227574384,Kimberly,Brown,374510008,509612405
351643070,Oliver,Watson,993188119,607717607
128684640,Richard,Bennett,806390416,808648550
282002322,Mary,Bailey,940422746,139306288
354216002,Katherine,Cox,238957634,914716709
73295348,Sean,Wood,364451385,562495085
251700538,Julian,Jones,610562618,725383159
183503887,Taylor,Griffin,703865015,652250618
118711321,Samantha,Richardson,292551997,696086908
355003173,Ryan,Bennett,11007017,661045437
66889469,Sara,Parker,151415850,129932164
17518401,Chelsea,Parker,224769280,453714437
84913642,Brian,Edwards,760153559,330915954
100851726,Amber,Harris,596322561,226733836
233350181,Taylor,Gonzales,125018294,247669298
292720523,Lauren,Scott,683711826,265276751
221298599,Richard,Jenkins,779668089,556250136
402985753,Sean,Hernandez,773599548,984072695
176859115,Michelle,Brooks,393395497,943213683
23464702,Amber,Harris,730655448,554719378
236291230,Isaac,Roberts,379437542,394969406
192751700,Tyler,Stewart,958812516,859908895
291761569,Sara,Taylor,762938846,650639761
90743582,John,Patterson,242300453,368528341
112478530,Nathan,Nelson,742589081,291374432
248393806,Nathan,Hughes,771520484,135043860
399586985,Mark,Rodriguez,869192186,348824380
120856656,Kevin,Watson,47230422,176721833
212811,Justin,Clark,991840071,713867002
158200226,Kelsey,Hall,397079239,521351606
308088227,Rachel,Bell,235283627,224737570
326253776,Natalie,Morris,973309330,561544211
8667769,Nicholas,Jenkins,647198545,448377314
234524123,Nicole,Lee,522110867,917745601
428143512,Timothy,Cox,201903085,784547127
425230108,Brittany,Long,624158993,959598257
118840694,Mateo,Turner,757437844,658089878
109211550,Amelia,Jackson,387099242,132700897
215056891,Sarah,Bryant,856252348,187243831
78072255,Sophia,Adams,827821160,952129408
204265875,Isaac,Alexander,804445104,422179050
316895376,Ryan,Williams,639456547,280618835
310020425,Christopher,Walker,332012299,100614503
77134600,Jose,Campbell,127932440,790619888
414675795,Chelsea,Jenkins,558635885,596126767
418332594,Grace,Roberts,686522391,703091928
115476193,Amanda,Clark,550269286,250133512
328483830,Claire,Diaz,754914602,899673308
400611651,Stephen,Cox,647122872,461456895
28031958,Joshua,Butler,670378586,306012206
427234199,Brianna,Gray,985067539,640736216
17257243,Sara,Wood,361106277,602430206
64891915,Mark,Ross,683959474,342582802
121390522,Samantha,Evans,613397367,155783101
388582154,Nathan,Bell,651693454,455852710
83065387,Layla,Cox,904999788,332429652
74865868,Maria,Rodriguez,181460111,837471525
56081018,Alexander,Robinson,39407997,105873735
310689625,Kevin,Diaz,858623691,140397577
180897307,Danielle,Ward,633396816,201770136
26320913,Christopher,Foster,740051720,325178163
311865311,Erin,Lopez,809048589,895423404
61048672,Thomas,Morris,644613055,837574866
238922273,Aiden,Carter,204979354,842328122
167391478,Abigail,Hall,796090771,980856110
50814820,Michelle,Washington,31814886,795006187
148955556,Sophia,Young,16542506,364549828
130363392,Stephen,Wilson,194232586,501433541
10038423,Tyler,Sanders,590842278,976568335
167219373,Mark,Bailey,875782997,825367539
405685961,Anthony,Gonzales,625269104,652030885
132260733,Nathan,Wilson,997922711,216081994
189208045,Ashley,Lee,221372233,872170532
8124297,Brianna,Torres,704730694,445987336
270090760,Alexandra,Morgan,513378263,454953446
387771285,Nathan,Edwards,665213238,473084999
405483018,Ashley,Perry,448137629,925081968
86752190,Allison,Perez,546119348,181068035
340546409,Mark,Ross,289809916,436490409
377017111,Zachary,Davis,554335662,554325725
28616850,Alexandra,Gray,886026135,363670949
20018711,Sara,Ross,417065941,854561560
275516684,William,Watson,876790224,399421920
116800820,Charles,Harris,838513781,300690367
407641442,Danielle,Lee,578928644,546607726
221514637,Charlotte,Barnes,996534696,507307994
402889397,Jack,Henderson,840329698,163612084
348481717,Alexis,Martinez,241432538,107966947
383080818,Christina,Murphy,615686733,947318408
246001577,Owen,Hughes,310836500,983040224
158974649,Kaitlyn,Ramirez,657989070,538632731
194049761,Sophia,Perez,208781504,549804390
37308155,Charles,Brown,71560952,894186623
343877252,Jasmine,Watson,506591688,661886261
34854680,Evelyn,Washington,504710104,804031743
323026280,Benjamin,Gray,330847071,320437765
251569204,Sebastian,Jenkins,87350652,855201494
241094166,Danielle,Powell,664128067,580040035
396561754,Melissa,Adams,459675086,566573288
144783495,Melissa,Walker,309410616,936496324
400747677,Victoria,Jones,289560604,780941109
94619149,Benjamin,Martinez,366553346,283319413
157665057,Erin,Turner,915468797,953347639
197363210,Nicole,Flores,286131011,417424808
255767319,David,King,957649475,740229677
248305647,Joshua,Wood,564034708,307018601
20262993,Natalie,White,650813728,892952830
251030510,Adam,Harris,353887200,146906982
163044429,Victoria,Clark,918589172,754904710
288941513,Laura,Ross,400764190,429776865
308922972,Sebastian,Perry,786826631,404227378
133813280,Allison,Wood,876977000,140616985
371152095,Stephen,Butler,579649143,367777755
23030924,Adam,Price,438234798,213606732
279129138,Sebastian,Alexander,160275080,961166058
318091429,Heather,Martinez,867764258,518277884
25033080,Jennifer,Mitchell,581320537,438344540
88875535,Mateo,Patterson,385612440,942152002
337950146,Samantha,Wright,917694811,439119826
241206721,Erin,Adams,496300816,165779758
94752623,Heather,Hill,414381897,809277326
374343767,Thomas,Hall,118551804,904697516
22975084,Tyler,Cox,426261909,539205793
210489874,Aubrey,Jones,59660916,733699544
11578716,Brittany,Diaz,31885253,904970210
352635795,Maria,Price,339987346,718783026
275314588,Rebecca,Price,378808685,503930834
176462926,Julian,Brown,869112881,126897538
332260496,Danielle,Wood,14448084,512813788
128401953,Nicole,Williams,168398382,223310694
180139236,Joseph,Taylor,80383755,652349959
386667050,Jose,Thomas,274877729,730761588
197636347,Stephen,Brooks,274223347,551083672
94183243,Ethan,Cook,195775364,933193020
221976940,Jack,Brooks,211315997,205217498
82760517,Kayla,Coleman,486169420,229908188
92151829,Olivia,Parker,212487856,970113813
45155762,Charles,Murphy,675068979,435164977
302787266,Danielle,Ramirez,635611057,815984108
271206242,Lillian,Evans,650253192,524943822
400347865,Evelyn,Smith,495330519,124343403
90737735,Michelle,Campbell,642251788,270482772
236035892,Olivia,Baker,106506607,524392280
429283890,Benjamin,Washington,212539612,542603884
123167586,Adam,Russell,473839236,939066575
252674450,David,Gray,88536026,343981269
88171813,Matthew,Clark,680543642,218806193
344525628,Jeremy,Harris,26844717,779046163
329500215,Nicholas,Jones,268766048,990535542
93192715,Rachel,Sanders,878285189,550247969
375789297,Daniel,Alexander,418047881,167624923
405940075,Aubrey,Collins,70113116,827247165
25736369,Mary,Ward,555248783,936759928
296906024,Natalie,Watson,897246825,139397793
358139467,Timothy,Richardson,394471630,573223609
97475868,Joseph,Davis,685631783,769969349
390764211,Charles,Green,946165358,137693977
181472554,John,Smith,655415558,534487560
6119212,Charlotte,Henderson,764186265,194580377
312960450,Thomas,Richardson,631762559,644735137
215468041,Anthony,Bryant,827052476,489864484
418663158,Ava,Hughes,383341589,191731996
60191593,Hannah,Phillips,504007990,381491562
81708891,Kyle,James,440228750,373920089
175788035,Chelsea,Johnson,208940166,326740081
272017513,Patrick,Martin,777745822,709548490
66066518,Eric,Green,100673964,605981831
384156449,Owen,Jackson,446895271,450507038
386915216,Kelsey,Hayes,718865003,652593155
23786392,Julian,Reed,265345037,733443548
234312215,Tiffany,Nelson,31361264,169415849
196249969,Joshua,Hernandez,837866687,363725727
239588735,Sean,Wilson,446008286,160730341
321421017,Jack,Cox,912644683,810056195
398262970,Jeremy,Howard,554720567,741456975
78348493,Jack,Bailey,857106001,648912554
31509016,Kayla,Evans,626212834,336725837
246540528,Brittany,Richardson,496911814,470522352
14727242,Matthew,Davis,665656580,173782224
222989575,Samuel,Mitchell,828563973,878137777
339326025,Adam,Carter,103760842,850229183
336607062,Taylor,Gonzales,937101373,624049927
94997796,Eric,Washington,54299473,220364623
363676249,Aiden,Jenkins,794181148,280399755
20786963,Joseph,Jones,954825398,854446974
267600887,Sara,Hayes,890711897,540488557
399973500,Amelia,Martin,514543384,825123069
271672396,Henry,Hernandez,884745253,734074282
362233358,Timothy,Jones,52793725,489570810
309341882,Olivia,Wright,863301161,947870784
45794965,Mary,Russell,520588425,539377870
386125950,Kelsey,Young,269238185,156565985
268497108,Sean,Johnson,481002437,222592980
146959696,Maria,Flores,475907679,676093460
422851026,Austin,Edwards,786596949,562112170
316534835,Kevin,Ramirez,218614136,319705143
245856088,Brittany,Flores,614474332,359999097
345741006,Jennifer,Moore,829715598,208481462
243665275,John,Martinez,783957756,388122394
110769145,Hannah,Howard,568654897,113985104
118684018,Natalie,Bell,853415627,132965437
358237472,Heather,Alexander,154594016,569586187
159166119,Chelsea,Roberts,658379574,382466799
191568849,Alexandra,Bailey,732969824,188058586
337543628,Brianna,Baker,100798636,222605604
115073299,Christina,Allen,518969028,479125718
210517559,Heather,Nelson,741482232,955252807
193532657,Eric,Perez,853257470,982654965
347392293,Kaitlyn,Green,653903423,557416737
9567871,Michelle,Parker,543568918,210457947
48856897,Julian,King,217051518,875953683
73401756,Heather,Powell,640868861,721398573
86448261,Joshua,Clark,174900510,431716952
51868791,Brittany,Bailey,286258756,550738365
209524306,Dylan,Rodriguez,297951381,843026943
356974207,Amelia,Ross,335352817,395167836
398851659,Kelsey,Sanchez,406069315,656851165
192747655,Dylan,Rivera,633675262,272243384
347244335,Maria,Bailey,686142922,431571742
56835616,Evelyn,Walker,355656681,195251217
59140180,Audrey,Rogers,117659524,822678925
332216762,Stephanie,Taylor,497313373,374917737
138866089,Katherine,Turner,190293798,512971616
336778149,Gabriel,Parker,945293930,940656169
63803418,Jack,Moore,850014632,898307575
316510562,Layla,Hernandez,68368769,484049094
60500587,Samuel,Robinson,518042927,376790015
40340777,Daniel,Alexander,890521613,169462154
318254681,Stephen,Hall,920460120,899410447
339831946,Charlotte,Howard,996646676,247827293
26559573,Amanda,Miller,716796894,166590004
52665348,Mateo,Ramirez,110934368,521363784
31413444,Dylan,Lee,405642017,171120895
295142438,John,Perez,687575336,227446125
64941075,Nicholas,Hughes,179895291,461985560
33413563,Audrey,Collins,979237250,121948705
76255730,Abigail,Torres,70973434,468253388
184012613,Charlotte,Stewart,14037421,234443993
352972946,Erin,Bennett,233204519,932880076
152026449,Eric,Evans,518660412,238808224
170068647,Maria,Jackson,820408772,109653182
3961090,Anna,Simmons,579275511,609783168
323532740,Richard,Jenkins,425551795,559996625
239455541,Isaac,Cook,358780517,667021350
345012588,Erin,Washington,217173063,947604462
152946889,Aubrey,Rogers,89693708,601028472
254901501,Brianna,Morgan,388203995,760993902
38797263,Aubrey,Nelson,693915048,101422937
138312353,Robert,Young,250370687,128000414
197354481,Jonathan,Williams,347664791,281509171
118553865,Nicole,Henderson,912491253,828157347
184652837,Kevin,Reed,748971417,834335707
126476606,Rebecca,Cook,173753252,968522498
31391907,Jennifer,Bennett,632313488,546197829
238480597,Sebastian,Howard,198349038,574764187
174361028,Courtney,Jackson,246124110,425389059
238927174,Christopher,Roberts,772489872,509041385
397011053,Danielle,Parker,813677595,135953305
415000270,Stephen,Walker,838424913,788428105
161479435,Melissa,Collins,465463901,583709507
154628861,Nicole,Thompson,420332964,825928829
236410857,Mary,Perry,104088337,567594649
58095797,Olivia,Long,526767646,536909883
379414199,Katherine,Parker,959007764,543816474
216279947,Kayla,Russell,256428461,971862992
251298701,Robert,Young,503503002,107132799
387814277,Steven,Green,563262741,166427659
320219229,Charles,Foster,802540999,430329938
62202798,Adam,Hill,787631882,995960664
406391326,Anna,Miller,256042638,923377776
118374673,Alyssa,Torres,996965528,696289202
273117740,Nicholas,Carter,395617084,417334373
8114022,Henry,Young,758329405,613747695
219070051,Samuel,Walker,691818505,335388047
390343053,Benjamin,Scott,552077256,398739726
314690901,Jonathan,Brown,145218527,793180905
23013615,Mateo,Lewis,695799701,728005236
321164031,Emma,Peterson,344931188,342132996
353978333,Evelyn,Bell,483878728,640238464
341755109,Robert,Reed,113084888,581728408
175236047,Robert,Ward,469006458,400066713
155691610,Taylor,Diaz,811130520,778386626
386642244,Alexis,Mitchell,331338114,325242832
212363253,Emma,Bailey,187071237,736328993
192071266,Austin,Collins,868055819,263079555
83246785,Hannah,Evans,262518724,672476385
166431501,Amelia,Cox,345763426,659767244
429075549,Ethan,Garcia,769476895,277825764
110902891,Jack,Sanders,801980724,558794935
339351996,Laura,Ramirez,179267905,508604974
355955313,John,Phillips,429264584,389741886
15740331,Lauren,Nelson,989864701,388960919
198746613,Brian,Watson,813517355,247142586
425052702,Heather,Parker,980912371,896030130
382587575,Kyle,Torres,122322437,686896772
63475193,Nicholas,Bennett,980623893,153251982
316123156,Zachary,James,439142193,567173422
364801686,Abigail,Smith,357348858,981778983
365190117,Grace,Richardson,198610836,155677571
395570526,Kelsey,Turner,143511188,885066907
284207970,William,Young,18487216,537296369
146389862,Emma,Powell,485245135,666370982
293934975,Stephanie,Price,452140955,850218846
94990994,Jeremy,Smith,31822406,183067401
258221582,Natalie,Evans,847531334,668432911
56918,Aaron,Jenkins,114582808,415836272
137314321,Emily,James,24790364,185265322
26724619,Audrey,Griffin,395104317,590393855
153026267,Brian,Foster,965211101,641019104
362776267,Sean,Morris,231800850,722017257
276721990,Steven,Perry,161807425,559731853
105719969,Rachel,Diaz,828783037,813033022
3067593,Natalie,Thompson,17588584,629944027
368737193,Oliver,Lopez,924238013,762694749
129436103,Joshua,Green,694193596,640649128
362806231,Timothy,Washington,293710667,750727789
157193363,John,Griffin,346955588,894661232
315919676,Thomas,Reed,865887582,101635492
247164583,Eric,Parker,446304582,559849779
365537539,Anna,Alexander,51474867,960081647
376699981,Jennifer,Foster,191664972,201793201
230944420,Sebastian,Martinez,21798103,679792733
182464792,James,Adams,705758030,738310921
117436247,Melissa,Hughes,293604510,158610411
347471454,Nicole,Coleman,499865026,333520574
29889395,Olivia,Richardson,807890239,933425584
320513284,Andrew,Rogers,439765303,520098170
308927917,Andrew,Coleman,163314244,773710679
81579453,Haley,Perry,478990560,341271400
251596282,Kyle,Rivera,612308339,376729497
262942154,Alexis,Thomas,833246410,397230592
206889423,James,Watson,529417646,134868312
362667988,Ethan,Price,531125212,593709831
59032636,Victoria,Cook,266633632,869357309
16392986,Jonathan,Jones,139227254,786461872
102471945,Chelsea,Lopez,444762058,438947719
369014794,Mark,Taylor,908166094,616696529
407041708,Alexander,Edwards,404145062,816459770
242784209,Jeremy,Miller,844585404,290322716
221122532,Grace,Hayes,427736009,786281088
235726014,Taylor,Simmons,225548067,459296876
128774096,Brittany,Perez,510586307,109186387
331986780,Elizabeth,Taylor,680940378,975910067
358376786,Olivia,Parker,308128559,145592530
369803921,Alexis,Sanders,488297828,850421985
286133830,Nathan,Richardson,767491405,768675317
175012328,Lauren,Diaz,269912089,580468602
350851745,Daniel,Thomas,983866240,623910055
37763119,Ethan,Miller,406266300,610878723
318649744,Lillian,Scott,754069865,989463716
142654425,Danielle,Wilson,974162561,890676217
153771748,Samuel,Lewis,236451439,438244168
81026776,Matthew,Morgan,257897622,260473627
180721395,Dylan,Torres,17016158,191587468
308982983,Jeremy,Ward,203492230,848717678
99687700,Aiden,Phillips,839867505,172145204
371872909,Timothy,Watson,266271148,374569645
373497357,Erin,Kelly,956046292,961070637
53689804,Brittany,White,599462214,537511264
117428629,Sara,Flores,641433276,814958924
211695277,Sophia,Clark,318714227,965333703
133173874,Daniel,Perez,634099528,299169928
312345089,Aaron,Robinson,80021236,752507386
186486735,Theodore,Lewis,32261237,763984791
278906423,Emily,Henderson,298686436,464837098
148247049,Kayla,Lewis,246316375,560938793
304935498,Steven,Howard,271873585,444400624
263211546,Isaac,Stewart,704439374,834820157
274348366,Charlotte,Stewart,80234988,279155964
188865681,Sara,Lee,511875191,450505585
50039016,Ashley,Jones,201168710,671704376
124620391,Mary,Coleman,31723964,153170406
391682564,Joshua,Phillips,237732924,719557934
428082148,Olivia,Hall,167935735,425858424
208035578,Melissa,Bailey,775474858,274175336
230980305,Anna,Edwards,973471356,599120519
50226526,Richard,Henderson,528557208,606099421
310429227,Aaron,Miller,99651774,947393541
52931070,Michael,Garcia,555718863,748748927
136172648,Katherine,Diaz,997067458,375164727
413511954,Victoria,Baker,32373109,512424652
393945022,Sebastian,Garcia,630639736,945565331
133340964,Brianna,Young,998855683,994438860
6068967,Grace,Taylor,238388318,984409342
19994145,Kayla,Barnes,221711194,689769772
339492172,Jack,Simmons,550209044,515272598
169658612,Tyler,Barnes,321023086,476872501
183206138,Heather,Flores,887185916,146159891
103724703,Sebastian,Evans,800436584,266083930
264566690,Sebastian,Ramirez,511182789,761108485
392155686,Dylan,Long,572627953,537117491
409460437,Henry,Perry,160731997,981923569
385454525,Jennifer,Brooks,352536866,517402390
155194536,Dylan,Clark,304158350,466611664
217580512,Jason,Torres,437290967,460153513
37916732,Timothy,Howard,97428794,420968023
268020822,Eric,Jenkins,225240769,578238230
310207613,Evelyn,Kelly,822683975,399746163
245539362,Amanda,Collins,168368285,867518228
335246995,Maria,Murphy,841364133,908450454
280755984,Alyssa,Collins,49910007,650381881
5563717,William,Mitchell,707446209,520450339
208552438,Anna,Williams,149016356,407382395
387326029,Brian,Powell,671081795,166921855
73668484,Jack,Cooper,675501155,306515933
356375153,Matthew,Sanders,242055414,658076098
418511762,Ryan,Powell,670867920,490395167
285483165,Julian,Clark,400963521,573086617
72701563,Robert,Cox,543953576,607002105
57610775,Nicole,Rivera,509556954,825712148
338971741,Ethan,Gray,418365513,472526879
133708995,Evelyn,Sanchez,740035903,577820925
301369362,Brian,Scott,238431517,634947770
382291203,Rebecca,Lewis,417771373,143460167
252118035,Jasmine,Barnes,602627316,255335395
267482596,Henry,Davis,437034230,476740237
1545696,Haley,Walker,208986466,259103712
397113267,Brian,Long,973380301,777912370
368985647,Sophia,Bennett,2403765,393456149
333122704,Brandon,James,362601994,299437141
197746588,Charles,Simmons,128551773,360090019
80632008,Andrew,Howard,551842665,458876516
412162037,Erin,Ward,233772531,206174235
353960420,John,Clark,909948332,696996073
209052663,Samuel,Price,916767427,518645230
333174387,Christina,Taylor,136574028,334538077
290237955,Mateo,Henderson,125983711,627532069
285989505,Brian,White,104725511,449437929
123805393,Nicole,Foster,821869504,134550250
156557681,Samuel,Moore,735354030,149945466
399493917,Brian,Anderson,411577861,666554893
47671043,Amanda,Thomas,539768319,640474630
131221158,Lauren,King,400927380,331378823
130965258,Ryan,Turner,249870421,359140886
232655403,Brianna,Young,45247190,180993915
261193810,Mateo,Garcia,325000575,397934081
376401489,Brittany,Young,852641864,922037809
41732114,Erin,Allen,101583147,955936882
223053489,Eric,Torres,774352520,313073858
53066433,Anthony,Griffin,558497806,719104478
253244519,Aubrey,Campbell,499801743,292154443
218617259,Steven,Morris,423177848,226501977
396560357,Anthony,Miller,571924661,766206848
278601973,Emma,Wood,55067436,462776962
414477743,Gabriel,Phillips,112667752,791675248
120483421,Brandon,Sanchez,165541393,612740318
43381524,Owen,Davis,794841849,799021509
412027258,Brittany,Collins,782198762,253397820
234728198,Alexander,Simmons,969683253,445531611
124200601,Joshua,Parker,155596985,444409428
258497657,Alyssa,Hill,871294048,747753955
218239812,Christopher,Martinez,463733001,534745382
375458840,Lauren,Young,960229005,126915986
206020912,Rebecca,Cook,179220278,683720404
230129042,Heather,Thompson,512889585,361288496
199511940,James,Watson,543395418,850589334
250540516,Erin,Bennett,450832986,288903030
364561578,Jennifer,Rodriguez,154178032,179369698
141861776,Isaac,Robinson,783062320,479313630
112072060,Kaitlyn,Richardson,399601232,104400363
165940942,Kayla,Harris,372734476,433760104
208503486,Henry,Thomas,860194535,892006666
1682786,Aiden,James,668141002,601763339
110667400,Sebastian,Perez,317859705,973767203
96243342,Jack,Hughes,868877259,104798638
158119343,Benjamin,James,607405170,536727999
6702459,Timothy,Jones,44894365,374456145
251191259,Sofia,Murphy,613551291,533306769
420110950,Timothy,Scott,785242130,344524880
122732863,Christopher,Sanders,166585667,422829955
43077691,Olivia,Jones,202829951,696044934
324149806,Kaitlyn,Butler,244725825,310876638
108196761,Olivia,Davis,554169353,622207481
274967802,Amelia,Young,371444603,179446257
66538129,Danielle,Gray,596747829,150929660
382534360,Ethan,White,702410118,619374451
286535554,Ashley,Jenkins,901571276,970886176
273909692,Amanda,Price,544122809,131913662
83646922,Kyle,Price,344270301,836810702
150605834,Rebecca,Ramirez,13426144,551894409
306931217,Grace,Phillips,529607012,786349280
87780097,Alexander,Ross,650801441,470677759
112353620,Layla,Miller,130526001,194957360
118234258,Joshua,Jones,103486508,673813480
146191536,Jennifer,Cook,430906248,266505387
92360934,Michelle,Martin,891985543,421003057
354797092,Steven,Garcia,68201726,988119935
230482037,Brian,Price,930778263,956325405
133674479,Amber,Cook,257777343,323348323
111406564,Rachel,Cook,59594956,621054564
276439966,Allison,Sanders,124475057,167254705
187596796,Rebecca,Brown,86078201,953933927
260420464,Courtney,Rodriguez,327501502,245187684
388242261,Dylan,Anderson,502316929,825481586
413727342,Brittany,Scott,251914117,103854155
189147,Ava,Young,696086649,636424308
300777113,Eric,Jones,637743891,267600884
251222548,Alexandra,Hernandez,280926145,753981444
218912240,Sean,Gray,447768689,858342780
295528646,Maria,Hayes,479932704,946963878
122939271,John,Mitchell,468149730,163553281
61604969,Ethan,Gonzales,526520260,955900895
45561839,Owen,Rogers,685177585,157396354
37463400,Ashley,Davis,280849831,333739254
132322591,Tiffany,Long,753432180,508809097
177632145,Kaitlyn,Richardson,548175058,516800095
291151116,Heather,Long,677569532,244668307
149655419,William,Hayes,163139801,549349164
21258063,Brianna,Carter,871266785,163588647
310959442,Danielle,Long,103693438,130143678
277376179,Alexander,Anderson,939736175,816753503
388243091,David,Campbell,158936356,671001584
102177341,Joseph,Lopez,804138079,302474749
313887963,Isaac,Hall,240229754,232168787
429297622,Chelsea,Perez,948734454,411329089
180492853,Sofia,Bell,394673728,667084906
224138663,Claire,Morgan,500328568,607129411
90281667,Sophia,Perez,911798611,186266350
327054894,Benjamin,Coleman,911013424,497913969
226572527,Benjamin,Young,945885890,953740803
383768204,Stephen,Anderson,983615494,495059832
197791849,Alexandra,White,413982319,272852366
360847164,Audrey,Morris,69224213,980680999
151473549,Isabella,Turner,105446109,667950493
199479670,Rachel,Wright,97829999,209571691
276114073,Jonathan,Mitchell,54773868,228052975
389291066,Chelsea,Ward,529563299,805929037
394445004,Richard,Cox,388078829,187386031
296615844,Ryan,Bell,100757114,517015235
366449859,Jessica,Young,384519839,218412849
315951278,Christina,Brooks,563442961,364758234
183251675,Claire,Martin,378883235,970205768
349976995,Amber,Taylor,52004889,691729829
90431092,Grace,Wright,408816987,199991141
291801050,Kaitlyn,Stewart,493016493,483238608
372526401,Victoria,Patterson,856814407,996950844
428819588,Oliver,Griffin,188466134,661589088
425870848,Audrey,Johnson,356856023,803052030
161190597,Hannah,Davis,856396333,753748112
119465679,Megan,Kelly,607662052,680149688
348267240,Michelle,Jackson,91687240,469904814
384996828,Jessica,Bell,983565353,801817102
201575580,Alexander,Russell,988380684,392411022
330991385,Matthew,Walker,327202908,329073469
86064344,Alexander,Jones,92615190,294208870
149186309,Richard,Hayes,743166923,925222886
160965900,Mateo,King,585682180,192052775
285346229,Victoria,Torres,514522070,131977495
334112236,Alyssa,Baker,376202914,801590156
11116793,Joseph,Howard,80016006,166914877
48310807,Sara,Morgan,492926370,867578352
370448583,Robert,Harris,854645837,371602436
166768141,Courtney,Harris,360535766,121398464
131971289,Charlotte,Gonzales,110575714,924257493
331373015,Eleanor,Henderson,95021677,973153657
412924131,Andrew,Jones,410466483,617173958
135558181,Aubrey,Parker,910772595,377843072
44446516,Christina,Wright,295087070,421511911
42089673,Michael,Mitchell,768778564,486439090
248001720,Ava,King,904930090,161238419
397872765,Kelsey,Morris,717450809,505683813
206893753,Anna,Davis,430078331,703102632
73034235,Patrick,Adams,251559986,171040427
104105997,Katherine,Russell,749138292,701399535
102286290,James,Nelson,144057487,472945634
157503318,Laura,Jenkins,672782828,449700823
370702194,Jeremy,Ramirez,439855502,372064783
363788011,Brittany,Martin,153647228,329960140
417666996,Thomas,Torres,968921839,268307743
423202941,Charles,Ramirez,971271129,906738170
394661145,Samantha,Butler,865411101,107538993
40138604,Megan,Moore,696065285,423641896
413243158,Jose,Hall,296396155,714571626
7107376,Julian,Bennett,757690158,203948007
367525185,Alexander,Perez,83330431,579958253
284563205,Jeremy,Patterson,675354304,977615968
424808908,Christina,Long,208672152,415990231
389938458,Julian,Moore,998658406,171850322
226095770,Robert,Walker,772754054,521510254
144297275,Benjamin,Allen,860665804,215353390
341982140,Kaitlyn,Roberts,256424005,619038028
7577259,Stephen,Wilson,670196241,156677430
44232023,Evelyn,Foster,182111539,153150753
305733698,Erin,Wood,18387676,203210519
349321822,Laura,Wright,222454589,214550661
143426458,Laura,Kelly,837658881,914719651
47094838,Kevin,Bell,718939747,521377919
17407982,Haley,Bailey,905518829,185385546
320689726,Evelyn,Morgan,508553098,291047051
176660328,Henry,Brooks,552557834,877409692
417062657,Zachary,Davis,866430825,858264425
245544817,Aiden,Richardson,915924151,736981497
246534324,Sophia,Moore,414388810,478928842
42114849,Christina,Ross,456634047,996489802
211621797,Kevin,Lee,404250123,958804729
158350751,Kayla,Stewart,538295726,803886729
88315574,Jessica,Jenkins,676058184,893231356
201167158,Benjamin,Wilson,781067432,457038910
301589659,Jeremy,Robinson,284468421,607850889
78640514,Rebecca,Collins,648862394,775447867
343497045,Anna,Hall,770202426,916022964
309452161,Alexis,Long,895147754,165011435
77169195,Lillian,Adams,968099982,754547484
256818916,Mark,Perez,626791996,116512112
330442631,Tiffany,Rodriguez,492680817,387567012
186985401,Benjamin,Allen,903452838,378991574
229323856,Sara,Gray,868478686,703001538
166510727,Ryan,Johnson,783540046,302304391
336108332,Thomas,Johnson,551983380,643607304
237480725,Eric,Price,622016714,678299237
234172323,Jeremy,Turner,609562347,103691571
418012063,Haley,Griffin,124224481,343224566
239470343,Nathan,Barnes,148932857,308712790
36249210,Sarah,Gray,273588789,893875559
285741982,Maria,Garcia,27235331,815687600
361042139,Adam,Williams,756363322,599712903
5361249,Theodore,Butler,836188437,751602803
280442781,Matthew,Powell,853393458,318738042
69581816,Kimberly,Ramirez,341700627,229978404
234522286,Audrey,Roberts,365269440,965790509
154439399,Ryan,Cox,670640558,871367067
200428455,Natalie,Hall,498195543,808206750
353228253,Michelle,Foster,47322435,505736190
123805624,Michael,Davis,326017763,485968833
288724403,Oliver,Nelson,381346596,580891558
40940303,Kelsey,Turner,468738518,836637042
210288018,Michael,Wright,425768752,906393452
87118665,Stephanie,Washington,13109633,912146456
276953006,Heather,Wood,342424390,995812822
342121941,Daniel,Nelson,247302896,357865812
218696085,Nicholas,Rogers,713137413,390528012
219041923,Charles,Alexander,911880106,876389143
236505430,Sean,Gonzales,704568522,351727267
153604125,Olivia,White,305647871,886421238
347852719,Rebecca,Bennett,624297520,271790578
118283262,Allison,Cooper,385619843,721339510
4891034,Sofia,Washington,980778894,912454012
204536857,Owen,Gray,693184247,418806698
331934215,Katherine,Davis,150358441,213915226
397382677,Joshua,Bennett,399112809,535186639
412349904,Isaac,Parker,153298887,767800260
107900399,David,Russell,122570890,917105437
366764084,Nathan,Powell,396263154,484372804
121174884,Alyssa,Scott,952491052,273884909
179751096,Elizabeth,Hughes,81892791,102015473
239160104,Grace,Lee,895342091,944798482
290795991,Aiden,Rodriguez,289024673,466271224
145487668,Melissa,Wright,98721311,333283020
206001493,Amber,White,172945671,894573437
199067779,Owen,Johnson,465011448,691567541
368352648,Aaron,Martin,290381637,227271147
179974380,Alexander,Wilson,536855545,758494938
253758802,Benjamin,Harris,375070916,704757304
217436926,Benjamin,Young,638662898,730889409
140691476,Dylan,Baker,552842742,445743209
295923871,Theodore,Jenkins,578131109,319573293
334126735,Daniel,Long,136768016,329098917
304698332,Zachary,Hill,991118764,365359808
86511169,Brian,Hayes,539354824,259386864
68973402,Joshua,Clark,582924516,624038495
68617790,Christina,Jackson,681436672,781066359
306890083,Timothy,Diaz,248475869,117917407
158229255,Sean,Ross,482660832,716351054
241050751,Kyle,Howard,852958225,587905656
299457713,Abigail,Watson,194383947,591218892
411459299,Charlotte,Green,676319260,391631047
331758699,James,Lee,67973087,714437886
309655827,Amanda,James,853855991,660483998
228947654,Kimberly,Ramirez,67361552,773380108
265809897,Megan,Russell,447510631,813743744
136602536,James,Bell,595270086,612735996
211260633,Alexandra,Clark,104503641,131904310
182009645,Samuel,Rogers,571775049,996471013
305942223,Dylan,Clark,599814059,800451490
72623075,Joseph,Richardson,556182703,972865106
35986644,Alyssa,Phillips,646655724,331950593
88482664,Claire,Jenkins,124247943,585775120
275047434,Kevin,Perry,854444922,577915583
360870887,Stephen,Murphy,299156529,830048886
377436861,Katherine,Turner,752091607,571911348
75160310,Gabriel,Bailey,542827181,159259497
292743150,Ashley,Clark,359507534,791130874
337420368,Brian,Robinson,175066320,331635240
39724053,Rebecca,Rogers,444110415,579279272
219645194,Taylor,Thomas,52966940,589934487
318674544,Megan,Jenkins,880149124,624929675
352421440,Amber,Murphy,702150328,178948484
390732294,Abigail,Young,252565442,745150846
53276849,Mark,Foster,791992697,954083704
404522891,Sofia,Clark,39215879,984412613
94344296,Grace,Adams,306320687,250500732
299057812,Sarah,Allen,291333170,947106959
40014766,Oliver,Flores,420885558,564440045
336128789,Courtney,Patterson,598672810,128626645
99492514,Kyle,Gonzales,818445871,999367830
30041722,Mark,Bennett,417878713,520432897
193621305,Jeremy,Moore,824911103,238901888
260141112,Haley,Barnes,731971877,875023867
277688580,Joshua,Scott,793521933,439010260
162306527,Stephen,Johnson,118392093,490273459
54573907,Lauren,Bailey,578682232,559378969
53187249,Claire,Kelly,177388317,129803093
123449793,Richard,Alexander,272972379,951561472
322628598,Benjamin,Cox,167309433,874987127
236276527,Isabella,Lopez,770795058,150067744
327151083,Patrick,Thompson,678280553,822180441
289116293,Thomas,Evans,516372169,923626018
165764125,Emily,Hayes,165094117,965164703
142538606,Brandon,Walker,350101608,969387857
210517273,Laura,Lee,248516685,411341193
64097163,Mark,Diaz,301515358,326663037
153729499,Daniel,Phillips,3802927,437268471
60501614,Elizabeth,Reed,226893881,524652161
304360447,Benjamin,Campbell,108809822,282029916
237404638,Henry,Harris,19587314,208439964
263376631,Jason,Griffin,355661195,451428130
18860643,Ashley,Morris,785079479,494434585
333786826,Joshua,Flores,625071563,980717229
37297511,Audrey,Mitchell,825611636,296353062
333085917,Sean,Martinez,878209732,648073232
328484737,Lauren,Bell,199629587,820902901
172410820,Benjamin,Henderson,939305862,600134936
209229730,Katherine,Brooks,656724188,882956421
13379300,Charles,Wright,687321706,640754007
178808898,Elizabeth,Edwards,463256885,392466216
398618222,Michael,Perry,566534587,725802120
76873399,Jose,James,833446013,503076410
108593692,Mary,Garcia,170177258,248517806
352002465,Olivia,Anderson,166592811,658418215
374011677,Melissa,Hill,557755721,851139239
428767566,Robert,Adams,884472825,843696348
37463769,Henry,Williams,45617260,278424785
251554893,Mary,Peterson,827352733,646522369
90936347,Emily,Moore,685344729,817430618
377577704,Taylor,Campbell,409095356,605737728
376691361,Sebastian,Lee,814083726,726718532
237440071,Jack,Hayes,45142927,213491311
26105494,Courtney,Simmons,97314777,636170858
181974443,Jack,Torres,934082156,333225283
81105774,Stephen,Baker,535854596,702308396
278107571,Sophia,Green,290871002,889494016
167673907,Anna,Miller,333414059,471754553
401123995,Samantha,Brooks,24254476,762697253
389312931,Mark,Brown,791636096,707740338
174571504,Laura,Murphy,77560286,629836396
66895285,Joshua,Brown,101383213,419804292
17887818,Owen,Martin,529303050,283438548
51872821,Kaitlyn,Long,371712370,542336579
3938262,Sebastian,Garcia,622006338,452831459
29169706,Jonathan,Cook,527772805,684965566
271633346,Nicholas,Roberts,791604148,702654200
118218169,Katherine,Nelson,305544232,901655676
151612410,Erin,Jones,446686758,551014481
334023999,Aubrey,Griffin,129612130,518112188
243391410,Sarah,Torres,295184757,799559288
372313637,Melissa,Lopez,714199759,474293949
97659849,David,Jackson,616755642,761576685
79235265,Taylor,Lopez,563306434,399035347
208346334,Kimberly,Gonzales,503059432,310015532